-- phpMyAdmin SQL Dump
-- version 4.8.5
-- https://www.phpmyadmin.net/
--
-- 主機： mysql
-- 產生時間： 2019 年 05 月 19 日 13:04
-- 伺服器版本： 8.0.16
-- PHP 版本： 7.2.14

SET SQL_MODE = "NO_AUTO_VALUE_ON_ZERO";
SET AUTOCOMMIT = 0;
START TRANSACTION;
SET time_zone = "+00:00";


/*!40101 SET @OLD_CHARACTER_SET_CLIENT=@@CHARACTER_SET_CLIENT */;
/*!40101 SET @OLD_CHARACTER_SET_RESULTS=@@CHARACTER_SET_RESULTS */;
/*!40101 SET @OLD_COLLATION_CONNECTION=@@COLLATION_CONNECTION */;
/*!40101 SET NAMES utf8mb4 */;

--
-- 資料庫： `archive`
--

-- --------------------------------------------------------

--
-- 資料表結構 `archive_messages`
--

CREATE TABLE `archive_messages` (
  `id_board` int(100) NOT NULL,
  `date` date NOT NULL,
  `name` varchar(100) CHARACTER SET utf8 COLLATE utf8_bin NOT NULL,
  `comment` varchar(100) CHARACTER SET utf8 COLLATE utf8_bin NOT NULL
) ENGINE=MyISAM DEFAULT CHARSET=latin1 COLLATE=latin1_general_ci;

--
-- 傾印資料表的資料 `archive_messages`
--

INSERT INTO `archive_messages` (`id_board`, `date`, `name`, `comment`) VALUES
(1, '2015-12-10', 'Memo', '測試'),
(2, '2016-10-10', 'Memo', '測試');

-- --------------------------------------------------------

--
-- 資料表結構 `archive_works`
--

CREATE TABLE `archive_works` (
  `id` int(11) NOT NULL,
  `unit` int(11) DEFAULT NULL,
  `year` int(3) DEFAULT NULL,
  `semester` int(2) UNSIGNED ZEROFILL DEFAULT NULL,
  `course` int(6) UNSIGNED ZEROFILL DEFAULT NULL,
  `number` int(2) UNSIGNED ZEROFILL DEFAULT NULL,
  `title` varchar(100) CHARACTER SET utf8 COLLATE utf8_bin DEFAULT NULL,
  `period` int(1) DEFAULT NULL,
  `type` int(11) DEFAULT NULL,
  `format` varchar(4) CHARACTER SET utf8 COLLATE utf8_bin DEFAULT NULL,
  `icon` varchar(4) CHARACTER SET utf8 COLLATE utf8_bin DEFAULT NULL,
  `description` varchar(50) CHARACTER SET utf8 COLLATE utf8_bin DEFAULT NULL,
  `tag` varchar(50) CHARACTER SET utf8 COLLATE utf8_bin DEFAULT NULL
) ENGINE=MyISAM DEFAULT CHARSET=latin1 COLLATE=latin1_general_ci;

--
-- 傾印資料表的資料 `archive_works`
--

INSERT INTO `archive_works` (`id`, `unit`, `year`, `semester`, `course`, `number`, `title`, `period`, `type`, `format`, `icon`, `description`, `tag`) VALUES
(1, 1, 101, 01, 010101, 01, '公共圖書館之組織與經營探討──以臺北市立圖書館為例', 2, 1, 'pdf', 'pdf', '', ''),
(2, 1, 101, 01, 010105, 01, '日本動畫原著翻譯小說：一部愛與勇氣的圖書目錄', 2, 1, 'pdf', 'pdf', '', '大型報告'),
(3, 1, 101, 01, 010105, 02, '日本動畫原著翻譯小說：一部愛與勇氣的圖書目錄', 2, 5, 'ppsx', 'ppt', '', ''),
(4, 1, 101, 01, 010105, 03, '日本動畫原著翻譯小說：一部愛與勇氣的圖書目錄', 2, 7, 'pdf', 'pdf', '', ''),
(5, 1, 101, 01, 010107, 01, '錄音資料的CMARC與MARC21之實例比較', 1, 1, 'ppsx', 'ppt', '', ''),
(6, 1, 101, 01, 010201, 01, 'HTC智慧型手機', 2, 1, 'ppsx', 'ppt', '', ''),
(7, 1, 101, 01, 010202, 01, '你所不曉得的日本！帶您一同來發現！', 1, 1, 'pdf', 'pdf', '', ''),
(8, 1, 101, 01, 010202, 02, '你所不曉得的日本！帶您一同來發現！', 1, 5, 'ppsx', 'ppt', '', ''),
(9, 1, 101, 01, 010202, 03, '「華藝中文電子書」教學計畫書', 2, 1, 'pdf', 'pdf', '', ''),
(10, 1, 101, 01, 010202, 04, '「華藝中文電子書」教學計畫書', 2, 5, 'ppsx', 'ppt', '', ''),
(11, 1, 101, 01, 010202, 05, '「華藝中文電子書」教學計畫書', 2, 8, 'ppsx', 'ppt', '', ''),
(12, 1, 101, 01, 019901, 01, '大學生如何「看待」臺灣新聞媒體──以淡江大學資訊與圖書館學系一年級B班為例', 1, 1, 'pdf', 'pdf', '', ''),
(13, 1, 101, 01, 019901, 02, '大學生如何「看待」臺灣新聞媒體──以淡江大學資訊與圖書館學系一年級B班為例', 2, 1, 'pdf', 'pdf', '', '大型報告'),
(14, 1, 101, 02, 010102, 01, '印刷媒介', 2, 1, 'pdf', 'pdf', '', ''),
(15, 1, 101, 02, 010105, 01, '資源示意圖：性別平等', 2, 1, 'pdf', 'pdf', '', '大型報告'),
(16, 1, 101, 02, 010105, 02, '資源示意圖：性別平等', 2, 5, 'ppsx', 'ppt', '', ''),
(17, 1, 101, 02, 010107, 01, '中文圖書分類法：3××使用說明', 1, 1, 'ppsx', 'ppt', '', ''),
(18, 1, 101, 02, 010201, 01, 'RPG製作大師', 1, 1, 'ppsx', 'ppt', '', ''),
(19, 1, 101, 02, 010203, 01, '小精靈遊戲', 1, 1, 'swf', 'swf', '', ''),
(20, 1, 101, 02, 010203, 02, 'SCREAM', 2, 1, 'pdf', 'pdf', '', ''),
(21, 1, 101, 02, 010401, 01, '第廿一屆臺北國際書展參訪筆記：書展大賞主題館', 0, 2, 'pdf', 'pdf', '', ''),
(22, 1, 101, 02, 010401, 02, '史蒂夫‧賈伯斯：一位電腦科學家、商人，以及發明家', 0, 2, 'pdf', 'pdf', '', ''),
(23, 1, 101, 02, 010401, 03, '理查‧道金斯編著《什麼才是真的？真實世界的神奇魔力》', 0, 2, 'pdf', 'pdf', '', ''),
(24, 1, 101, 02, 010401, 04, '新書簡介', 0, 2, 'pdf', 'pdf', '', ''),
(25, 1, 101, 02, 010401, 05, '專題演講報導：數位出版的觀察筆記', 0, 2, 'pdf', 'pdf', '', ''),
(26, 1, 101, 02, 020101, 01, '社團學習與實作──入門課程：課程分組學習單', 0, 2, 'pdf', 'pdf', '', ''),
(27, 1, 101, 02, 020101, 02, '回家社：社慶大典暨社團旅遊', 0, 2, 'pdf', 'pdf', '', ''),
(28, 1, 101, 02, 020101, 03, '回家社', 2, 1, 'ppsx', 'ppt', '', ''),
(29, 1, 102, 01, 010103, 01, '實作──以ISBN為基礎的新書資訊', 1, 1, 'pdf', 'pdf', '', ''),
(30, 1, 102, 01, 010103, 02, '精選與比較──圖書館採購圖書資料的選書工具', 2, 1, 'pdf', 'pdf', '', ''),
(31, 1, 102, 01, 010107, 01, '虛擬國際權威檔', 2, 1, 'pdf', 'pdf', '', ''),
(32, 1, 102, 01, 010107, 02, '虛擬國際權威檔', 2, 5, 'ppsx', 'ppt', '', ''),
(33, 1, 102, 01, 010205, 01, '分鏡練習（三）', 0, 2, 'php', 'wmv', '', ''),
(34, 1, 102, 01, 010206, 01, '強大計算器', 0, 6, 'php', 'php', '', ''),
(35, 1, 102, 01, 010206, 02, 'BMI計算器（一）', 0, 6, 'php', 'php', '', ''),
(36, 1, 102, 01, 010206, 03, 'BMI計算器（二）', 0, 6, 'php', 'php', '', ''),
(37, 1, 102, 01, 010206, 04, '猜拳遊戲', 0, 6, 'php', 'php', '', ''),
(38, 1, 102, 01, 010206, 05, '三竦', 0, 6, 'php', 'php', '', ''),
(39, 1, 102, 01, 010206, 06, '實心愛心三角形', 0, 6, 'php', 'php', '', ''),
(40, 1, 102, 01, 010206, 07, '空心愛心三角形（一）', 0, 6, 'php', 'php', '', ''),
(41, 1, 102, 01, 010206, 08, '空心愛心三角形（二）', 0, 6, 'php', 'php', '', ''),
(42, 1, 102, 01, 010206, 09, '九九乘法表（一）', 0, 6, 'php', 'php', '', ''),
(43, 1, 102, 01, 010206, 10, '九九乘法表（二）', 0, 6, 'php', 'php', '', ''),
(44, 1, 102, 01, 010206, 11, '困難計算器', 0, 6, 'php', 'php', '', ''),
(45, 1, 102, 01, 010206, 12, '我的個人特質', 0, 6, 'php', 'php', '', ''),
(46, 1, 102, 01, 010206, 13, '簡單物件', 0, 6, 'php', 'php', '', ''),
(47, 1, 102, 01, 010301, 01, '世紀交通──運輸重要檔案展', 0, 2, 'pdf', 'pdf', '', ''),
(48, 1, 102, 01, 010301, 02, '周孝威的檔案', 0, 2, 'pdf', 'pdf', '', ''),
(49, 1, 102, 01, 010301, 03, '「檔案庫房管理」演講心得', 0, 2, 'pdf', 'pdf', '', ''),
(50, 1, 102, 01, 010402, 01, '客戶服務與出版業', 2, 1, 'pdf', 'pdf', '', ''),
(51, 1, 102, 01, 020201, 01, '整理藝術', 2, 1, 'ppsx', 'ppt', '', ''),
(52, 1, 102, 01, 030101, 01, '奈米與生活', 2, 1, 'pdf', 'pdf', '', ''),
(53, 1, 102, 01, 040301, 01, '淡江大學資訊與圖書館學系網頁評估（一）', 0, 2, 'pdf', 'pdf', '', ''),
(54, 1, 102, 01, 040301, 02, '淡江大學資訊與圖書館學系網頁評估（二）', 0, 2, 'pdf', 'pdf', '', ''),
(55, 1, 102, 01, 040301, 03, '淡江大學資訊與圖書館學系網頁評估（三）', 0, 2, 'pdf', 'pdf', '', ''),
(56, 1, 102, 01, 040301, 04, '淡江大學資訊與圖書館學系網頁評估（四）', 0, 2, 'pdf', 'pdf', '', ''),
(57, 1, 102, 02, 010103, 01, '同一文獻於二者資料庫呈現之比較──以ProQuest及EBSCOhost為例', 0, 2, 'pdf', 'pdf', '', ''),
(58, 1, 102, 02, 010103, 02, '國科會年度單位預算國家科學技術發展基金‧學會出版OA', 0, 2, 'pdf', 'pdf', '', ''),
(59, 1, 102, 02, 010103, 03, '利用Internet Archive網站找到舊網頁', 0, 2, 'pdf', 'pdf', '', ''),
(60, 1, 102, 02, 010103, 04, 'CIRCULATION STATISTICS分析', 0, 2, 'ppsx', 'ppt', '', ''),
(61, 1, 102, 02, 010103, 05, '英文文獻閱讀報告：A Study of Circulation Statistics of Book', 2, 5, 'ppsx', 'ppt', '', ''),
(62, 1, 102, 02, 010104, 01, '非書資料區之設計與規劃──以淡江大學覺生紀念圖書館非書資料區之改建為例', 2, 1, 'pdf', 'pdf', '', ''),
(63, 1, 102, 02, 010104, 02, '非書資料區之設計與規劃──以淡江大學覺生紀念圖書館非書資料區之改建為例', 2, 5, 'ppsx', 'ppt', '', ''),
(64, 1, 102, 02, 010106, 01, '臺北市立圖書館石牌分館圖書證申辦推廣：快樂借書趣', 1, 1, 'pdf', 'pdf', '', ''),
(65, 1, 102, 02, 010106, 02, '臺北市立圖書館石牌分館圖書證申辦推廣：快樂借書趣 2.0', 2, 1, 'pdf', 'pdf', '', ''),
(66, 1, 102, 02, 010106, 03, '臺北市立圖書館石牌分館圖書證申辦推廣：快樂借書趣 2.0', 2, 3, 'pdf', 'pdf', '', ''),
(67, 1, 102, 02, 010106, 04, '臺北市立圖書館石牌分館圖書證申辦推廣：快樂借書趣 2.0', 2, 5, 'ppsx', 'ppt', '', ''),
(68, 1, 102, 02, 010107, 01, '資訊組織系統設計──建立中文漫畫分類法', 2, 1, 'pdf', 'pdf', '', '大型報告'),
(69, 1, 102, 02, 010107, 02, '資訊組織系統設計──建立中文漫畫分類法', 2, 5, 'ppsx', 'ppt', '', ''),
(70, 1, 102, 02, 010206, 01, '計算BMI（一）', 0, 6, 'html', 'html', '', ''),
(71, 1, 102, 02, 010206, 02, '計算BMI（二）', 0, 6, 'html', 'html', '', ''),
(72, 1, 102, 02, 010206, 03, '顏色變換', 0, 6, 'html', 'html', '', ''),
(73, 1, 102, 02, 010206, 04, '簡單計算器', 0, 6, 'html', 'html', '', ''),
(74, 1, 102, 02, 010206, 05, '九九乘法表', 0, 6, 'html', 'html', '', ''),
(75, 1, 102, 02, 010206, 06, '正空心三角形', 0, 6, 'html', 'html', '', ''),
(76, 1, 102, 02, 010206, 07, '構造方法', 0, 6, 'html', 'html', '', ''),
(77, 1, 102, 02, 010206, 08, '關聯陣列練習', 0, 6, 'html', 'html', '', ''),
(78, 1, 102, 02, 010206, 09, '資料庫網站建置實務應用──以「火車站查詢系統」為例', 2, 1, 'pdf', 'pdf', '', ''),
(79, 1, 102, 02, 010206, 10, '資料庫網站建置實務應用──以「火車站查詢系統」為例', 2, 3, 'php', 'php', '', '大型報告'),
(80, 1, 102, 02, 010208, 01, '音樂資訊檢索', 1, 1, 'pdf', 'pdf', '', ''),
(81, 1, 102, 02, 010208, 02, '音樂資訊檢索', 1, 5, 'ppsx', 'ppt', '', ''),
(82, 1, 102, 02, 010208, 03, '線上檢索服務實務運用──滿足研究生資訊需求', 2, 1, 'pdf', 'pdf', '', ''),
(83, 1, 102, 02, 010208, 04, '線上檢索服務實務運用──滿足研究生資訊需求', 2, 5, 'ppsx', 'ppt', '', ''),
(84, 1, 102, 02, 020301, 01, '廣告看板‧文學偶像', 0, 2, 'ppsx', 'ppt', '', ''),
(85, 1, 102, 02, 020301, 02, '歌詞賞析', 0, 2, 'ppsx', 'ppt', '', ''),
(86, 1, 102, 02, 020301, 03, '失敗履歷表', 0, 2, 'ppsx', 'ppt', '', ''),
(87, 1, 102, 02, 040401, 01, '老年人未來意象', 1, 1, 'pdf', 'pdf', '', ''),
(88, 1, 102, 02, 040401, 02, '假想未來──以2050年之圖書館為例', 2, 1, 'pdf', 'pdf', '', ''),
(89, 1, 102, 02, 040401, 03, '假想未來──以2050年之圖書館為例', 2, 5, 'ppsx', 'ppt', '', ''),
(90, 1, 102, 02, 990101, 01, '資圖系教學與研究成果發表會：性別平等資源示意圖', 0, 5, 'ppsx', 'ppt', '', ''),
(91, 1, 102, 02, 990101, 02, '資圖系教學與研究成果發表會：性別平等資源示意圖', 0, 9, 'pdf', 'pdf', '', ''),
(92, 1, 103, 01, 010108, 01, '論文摘要撰寫與索引典編製實作──以陳世娟〈癌症病患家庭照護者之資訊行為研究〉博士論文與「癌症索引典」', 2, 1, 'pdf', 'pdf', '', ''),
(93, 1, 103, 01, 010108, 02, '論文摘要撰寫與索引典編製實作──以陳世娟〈癌症病患家庭照護者之資訊行為研究〉博士論文與「癌症索引典」', 2, 3, 'php', 'html', '', '大型報告'),
(94, 1, 103, 01, 010108, 03, '論文摘要撰寫與索引典編製實作──以陳世娟〈癌症病患家庭照護者之資訊行為研究〉博士論文與「癌症索引典」', 2, 5, 'ppsx', 'ppt', '', ''),
(95, 1, 103, 01, 010109, 01, '公共圖書館推廣活動分析報告', 0, 2, 'pdf', 'pdf', '', ''),
(96, 1, 103, 01, 010109, 02, '公共圖書館推廣活動分析報告', 0, 2, 'pdf', 'pdf', '', ''),
(97, 1, 103, 01, 010109, 03, '公共圖書館推廣活動分析報告', 0, 2, 'ppsx', 'ppt', '', ''),
(98, 1, 103, 01, 010109, 04, '公共圖書館推廣活動分析報告', 0, 2, 'pdf', 'pdf', '', ''),
(99, 1, 103, 01, 010109, 05, '公共圖書館推廣活動分析報告', 0, 2, 'ppsx', 'ppt', '', ''),
(100, 1, 103, 01, 010109, 06, '閱讀推廣活動設計──以「樂齡書法月」為例', 1, 1, 'pdf', 'pdf', '', ''),
(101, 1, 103, 01, 010109, 07, '閱讀推廣活動設計──以「樂齡書法月」為例', 1, 5, 'ppsx', 'ppt', '', ''),
(102, 1, 103, 01, 010110, 01, '電影報告──《羅倫佐的油》', 0, 2, 'pdf', 'pdf', '', ''),
(103, 1, 103, 01, 010110, 02, '電影報告──《羅倫佐的油》', 0, 2, 'ppsx', 'ppt', '', ''),
(104, 1, 103, 01, 010110, 03, '醫學資訊服務參訪作業：臺大醫學院圖書分館・臺大醫院圖書室', 0, 2, 'pdf', 'pdf', '', ''),
(105, 1, 103, 01, 010110, 04, '醫學資訊服務參訪作業：臺北榮民總醫院數位化學圖書館', 0, 2, 'pdf', 'pdf', '', ''),
(106, 1, 103, 01, 010110, 05, '醫學資訊服務參訪報告：臺大醫學院圖書分館・臺大醫院圖書室、臺北榮民總醫院數位化學圖書館', 0, 2, 'ppsx', 'ppt', '', ''),
(107, 1, 103, 01, 010111, 01, '網站評鑑實作──臺灣記憶&美國記憶', 0, 2, 'pdf', 'pdf', '', ''),
(108, 1, 103, 01, 010111, 02, '資訊短片實作：臺灣電影網', 0, 2, 'php', 'wmv', '', ''),
(109, 1, 103, 01, 010111, 03, '余曉怡「當音樂遇上資圖」：演講心得報告', 0, 2, 'pdf', 'pdf', '', ''),
(110, 1, 103, 01, 010111, 04, '彙整：103學年度資訊與圖書館學系人文及社會科學文獻B班資訊影片', 0, 10, 'html', 'html', '', ''),
(111, 1, 103, 01, 010204, 01, '手機App作品開發企劃書', 1, 1, 'pdf', 'pdf', '', ''),
(112, 1, 103, 01, 010204, 02, '手機App樣式設計：揪團好方便', 2, 1, 'html', 'html', '', ''),
(113, 1, 103, 01, 010207, 01, '資料庫設計與實作──以「卡通動畫訂購系統」為例', 1, 1, 'pdf', 'pdf', '', ''),
(114, 1, 103, 01, 010207, 02, '資料庫設計與實作──以「卡通動畫訂購系統」為例', 1, 5, 'ppsx', 'ppt', '', ''),
(115, 1, 103, 01, 010207, 03, '資料庫設計與實作──以「卡通動畫訂購系統」為例', 2, 1, 'pdf', 'pdf', '', ''),
(116, 1, 103, 01, 010207, 04, '資料庫設計與實作──以「卡通動畫訂購系統」為例', 2, 3, 'php', 'php', '', '大型報告'),
(117, 1, 103, 01, 010501, 01, '中年級教材：如何找書？認識分類號（Prezi版）', 0, 4, 'php', 'html', '', ''),
(118, 1, 103, 01, 010501, 02, '中年級教材：如何找書？認識分類號（ppsx版）', 0, 4, 'ppsx', 'ppt', '', ''),
(119, 1, 103, 01, 010501, 03, '圖書分類學習單', 0, 4, 'pdf', 'pdf', '', ''),
(120, 1, 103, 01, 010501, 04, '低年級教材：如何找書？認識圖書館', 0, 4, 'ppsx', 'ppt', '', ''),
(121, 1, 103, 01, 010501, 05, '與作家有約：沈芯菱', 0, 9, 'pdf', 'pdf', '', ''),
(122, 1, 103, 01, 010501, 06, '謝爾．希爾弗斯坦（人物介紹）', 0, 9, 'pdf', 'pdf', '', ''),
(123, 1, 103, 01, 010501, 07, '謝爾．希爾弗斯坦（作品介紹）', 0, 9, 'pdf', 'pdf', '', ''),
(124, 1, 103, 01, 010501, 08, '圖書館藏書指引', 0, 10, 'pdf', 'pdf', '', ''),
(125, 1, 103, 01, 040201, 01, '電影評析：CARGO (2009)', 0, 2, 'ppsx', 'ppt', '', ''),
(126, 1, 103, 01, 040201, 02, '電影評析：Edge of Tomorrow (2014)', 0, 2, 'ppsx', 'ppt', '', ''),
(127, 1, 103, 01, 040201, 03, '電影評析：War of The Worlds (2005)', 0, 2, 'ppsx', 'ppt', '', ''),
(128, 1, 103, 01, 040201, 04, '電影評析與比較──以2005年《世界大戰》與2014年《明日邊界》為例', 1, 1, 'pdf', 'pdf', '', ''),
(129, 1, 103, 01, 040201, 05, '電影評析與比較──以2005年《世界大戰》與2014年《明日邊界》為例', 1, 5, 'ppsx', 'ppt', '', ''),
(130, 1, 103, 01, 040201, 06, '電影的形式分析──以1985年《巴西》與2001年《A.I.人工智慧》為例', 2, 1, 'pdf', 'pdf', '', ''),
(131, 1, 103, 01, 040201, 07, '電影的形式分析──以1985年《巴西》與2001年《A.I.人工智慧》為例', 2, 5, 'ppsx', 'ppt', '', ''),
(132, 1, 103, 01, 040402, 01, '我的生涯典範人物訪談：沈芯菱──天堂掉落凡間的天使', 1, 1, 'pdf', 'pdf', '', ''),
(133, 1, 103, 01, 040402, 02, '我的生涯典範人物訪談：沈芯菱──天堂掉落凡間的天使', 1, 5, 'ppsx', 'ppt', '', ''),
(134, 1, 103, 01, 040402, 03, '期末總心得報告', 2, 1, 'pdf', 'pdf', '', ''),
(135, 2, 103, 02, 010101, 01, '台湾における図書館学の教育の現状', 2, 1, 'pdf', 'pdf', '', ''),
(136, 2, 103, 02, 029901, 01, '授業「教養とは何か」についての感想', 2, 10, 'pdf', 'pdf', '', ''),
(137, 2, 103, 02, 029902, 01, '授業「彫刻の世界」についての感想', 2, 10, 'pdf', 'pdf', '', ''),
(138, 2, 104, 01, 039901, 01, '出版業界', 0, 1, 'pdf', 'pdf', '', ''),
(139, 1, 104, 02, 010111, 01, '「大學生的第一堂投資理財課」聽講心得', 0, 2, 'pdf', 'pdf', '', ''),
(140, 1, 104, 02, 010111, 02, '「法律就在你身邊：你不可不知的法學常識」聽講心得', 0, 2, 'pdf', 'pdf', '', ''),
(141, 1, 104, 02, 010111, 03, '淡江大學運輸管理學系陶治中副教授文獻運用經驗訪談紀錄', 0, 2, 'pdf', 'pdf', '', ''),
(142, 1, 104, 02, 010111, 04, '「管理學」資源舉隅', 1, 1, 'pdf', 'pdf', '', ''),
(143, 1, 104, 02, 010111, 05, '「管理學」資源舉隅', 1, 5, 'ppsx', 'ppt', '', ''),
(144, 1, 104, 02, 020401, 01, '低所得', 2, 1, 'php', 'wmv', '', ''),
(145, 1, 104, 02, 040202, 01, '從大學生名字探討臺灣與中國之命名文化', 2, 1, 'pdf', 'pdf', '', '大型報告'),
(146, 1, 104, 02, 040202, 02, '從大學生名字探討臺灣與中國之命名文化', 2, 5, 'ppsx', 'ppt', '', ''),
(147, 1, 104, 02, 050101, 01, '看動畫學日語', 1, 5, 'ppsx', 'ppt', '', ''),
(148, 1, 104, 02, 050101, 02, '看動畫學日語', 2, 5, 'ppsx', 'ppt', '', ''),
(149, 1, 104, 02, 050102, 01, '不同民族的色彩詞差異&反映祭祀文化的漢字', 0, 2, 'pdf', 'pdf', '', ''),
(150, 1, 104, 02, 050102, 02, '期末總心得報告', 0, 2, 'pdf', 'pdf', '', ''),
(151, 1, 104, 02, 050102, 03, '從大學生名字探討臺灣與中國之命名文化', 2, 1, 'pdf', 'pdf', '', ''),
(152, 1, 105, 01, 010112, 01, '普渡大學圖書館及E-Science介紹', 1, 1, 'pdf', 'pdf', '', ''),
(153, 1, 105, 01, 010112, 02, '普渡大學圖書館及E-Science介紹', 1, 5, 'ppsx', 'ppt', '', ''),
(154, 1, 105, 01, 010112, 03, 'Review of a fiction book: Still Alice', 0, 2, 'pdf', 'pdf', '', ''),
(155, 1, 105, 01, 010112, 04, '圖書館利用教育：永續建築', 2, 1, 'pdf', 'pdf', '', ''),
(156, 1, 105, 01, 010112, 05, '圖書館利用教育：永續建築', 2, 4, 'pdf', 'pdf', '', ''),
(157, 1, 105, 01, 010112, 06, '圖書館利用教育：永續建築', 2, 5, 'ppsx', 'ppt', '', ''),
(158, 1, 105, 01, 010112, 07, '圖書館利用教育：永續建築', 2, 8, 'pdf', 'pdf', '', ''),
(159, 1, 105, 01, 010112, 08, '圖書館利用教育：永續建築', 2, 8, 'pdf', 'pdf', '', ''),
(160, 1, 105, 01, 010113, 01, '「溝通」之個案研究', 2, 1, 'pdf', 'pdf', '', ''),
(161, 1, 105, 01, 010113, 02, '「溝通」之個案研究', 2, 5, 'ppsx', 'ppt', '', ''),
(162, 1, 105, 01, 010114, 01, '英文文獻閱讀報告：\nThe Next Generation Integrated Library System: A Promise Fulfilled', 2, 5, 'ppsx', 'ppt', '', ''),
(163, 1, 105, 01, 010501, 01, '期末總心得報告', 2, 1, 'pdf', 'pdf', '', ''),
(164, 1, 105, 01, 010501, 02, '期末總心得報告', 2, 5, 'ppsx', 'ppt', '', ''),
(165, 1, 105, 02, 010112, 01, 'Midterm Project: Issues in Science and Technology Librarianship', 1, 1, 'pdf', 'pdf', '', ''),
(166, 1, 105, 02, 010112, 02, 'Book Report: 《教授為什麼沒告訴我》', 1, 2, 'pdf', 'pdf', '', ''),
(167, 1, 105, 02, 010112, 03, 'Final Project: Interview a scientist', 2, 1, 'pdf', 'pdf', '', ''),
(168, 1, 105, 02, 010112, 04, 'Final Project: Interview a scientist', 2, 5, 'ppsx', 'ppt', '', ''),
(169, 1, 105, 02, 010113, 01, 'SPEC surveys', 0, 2, 'pdf', 'pdf', '', ''),
(170, 1, 105, 02, 010113, 02, '「新媒體時代的組織公共關係」演講心得', 0, 2, 'pdf', 'pdf', '', ''),
(171, 1, 105, 02, 010114, 01, '系統路徑分析：台大 MOOCs', 2, 1, 'pdf', 'pdf', '', ''),
(172, 1, 105, 02, 010114, 02, '系統路徑分析：台大 MOOCs', 2, 8, 'pdf', 'pdf', '', ''),
(173, 1, 105, 02, 010114, 03, '系統路徑分析：台大 MOOCs', 2, 5, 'ppsx', 'ppt', '', '');

-- --------------------------------------------------------

--
-- 資料表結構 `archive_work_courses`
--

CREATE TABLE `archive_work_courses` (
  `id` int(6) UNSIGNED ZEROFILL NOT NULL,
  `title` varchar(30) CHARACTER SET utf8 COLLATE utf8_bin DEFAULT NULL
) ENGINE=InnoDB DEFAULT CHARSET=utf8 COLLATE=utf8_bin ROW_FORMAT=COMPACT;

--
-- 傾印資料表的資料 `archive_work_courses`
--

INSERT INTO `archive_work_courses` (`id`, `title`) VALUES
(010101, '圖書館學與資訊科學導論'),
(010102, '圖書資訊傳播導論'),
(010103, '館藏發展'),
(010104, '媒體資源管理'),
(010105, '參考資源'),
(010106, '參考服務'),
(010107, '資訊組織'),
(010108, '索引及摘要'),
(010109, '公共圖書館'),
(010110, '醫學資訊服務'),
(010111, '人文及社會科學文獻'),
(010112, '科技文獻'),
(010113, '圖書館管理'),
(010114, '圖書館自動化'),
(010201, '資訊概論'),
(010202, '資訊素養'),
(010203, '多媒體技術與應用'),
(010204, '行動裝置程式寫作'),
(010205, '圖書館影像敘事'),
(010206, '電子計算機程式寫作'),
(010207, '資料庫概論'),
(010208, '資訊儲存與檢索'),
(010301, '檔案學概論'),
(010401, '出版傳播與書業'),
(010402, '創新出版產業概論'),
(010501, '圖書館實習'),
(019901, '研究方法與寫作格式'),
(020101, '社團學習與實作'),
(020201, '造型藝術中的基礎素描技法'),
(020301, '中國語文能力表達'),
(020401, '幸福經濟學'),
(029901, '教養とは何か'),
(029902, '彫刻の世界'),
(030101, '科學漫談'),
(039901, 'ビジネス日本語'),
(040201, '影像知識與人生'),
(040202, '圖書資訊利用與管理'),
(040301, '資訊架構概論'),
(040401, '探索未來'),
(040402, '大學生生涯發展與規劃'),
(050101, '數位教材製作'),
(050102, '語言與文化'),
(990101, '其它');

-- --------------------------------------------------------

--
-- 資料表結構 `archive_work_periods`
--

CREATE TABLE `archive_work_periods` (
  `id` int(11) NOT NULL,
  `title` varchar(2) CHARACTER SET utf8 COLLATE utf8_bin DEFAULT NULL
) ENGINE=InnoDB DEFAULT CHARSET=utf8 COLLATE=utf8_bin ROW_FORMAT=COMPACT;

--
-- 傾印資料表的資料 `archive_work_periods`
--

INSERT INTO `archive_work_periods` (`id`, `title`) VALUES
(0, '期內'),
(1, '期中'),
(2, '期末');

-- --------------------------------------------------------

--
-- 資料表結構 `archive_work_types`
--

CREATE TABLE `archive_work_types` (
  `id` int(11) NOT NULL,
  `title` varchar(4) CHARACTER SET utf8 COLLATE utf8_bin DEFAULT NULL
) ENGINE=InnoDB DEFAULT CHARSET=utf8 COLLATE=utf8_bin ROW_FORMAT=COMPACT;

--
-- 傾印資料表的資料 `archive_work_types`
--

INSERT INTO `archive_work_types` (`id`, `title`) VALUES
(1, '報告'),
(2, '作業'),
(3, '作品'),
(4, '教材'),
(5, '簡報'),
(6, '練習'),
(7, '資料'),
(8, '附件'),
(9, '海報'),
(10, '其他');

-- --------------------------------------------------------

--
-- 資料表結構 `archive_work_units`
--

CREATE TABLE `archive_work_units` (
  `id` int(11) NOT NULL,
  `title` varchar(3) CHARACTER SET utf8 COLLATE utf8_bin DEFAULT NULL
) ENGINE=InnoDB DEFAULT CHARSET=utf8 COLLATE=utf8_bin ROW_FORMAT=COMPACT;

--
-- 傾印資料表的資料 `archive_work_units`
--

INSERT INTO `archive_work_units` (`id`, `title`) VALUES
(1, 'TKU'),
(2, 'YGU');

--
-- 已傾印資料表的索引
--

--
-- 資料表索引 `archive_messages`
--
ALTER TABLE `archive_messages`
  ADD PRIMARY KEY (`id_board`);

--
-- 資料表索引 `archive_works`
--
ALTER TABLE `archive_works`
  ADD PRIMARY KEY (`id`);

--
-- 資料表索引 `archive_work_courses`
--
ALTER TABLE `archive_work_courses`
  ADD PRIMARY KEY (`id`);

--
-- 資料表索引 `archive_work_periods`
--
ALTER TABLE `archive_work_periods`
  ADD PRIMARY KEY (`id`);

--
-- 資料表索引 `archive_work_types`
--
ALTER TABLE `archive_work_types`
  ADD PRIMARY KEY (`id`);

--
-- 資料表索引 `archive_work_units`
--
ALTER TABLE `archive_work_units`
  ADD PRIMARY KEY (`id`);

--
-- 在傾印的資料表使用自動增長(AUTO_INCREMENT)
--

--
-- 使用資料表自動增長(AUTO_INCREMENT) `archive_messages`
--
ALTER TABLE `archive_messages`
  MODIFY `id_board` int(100) NOT NULL AUTO_INCREMENT, AUTO_INCREMENT=3;

--
-- 使用資料表自動增長(AUTO_INCREMENT) `archive_works`
--
ALTER TABLE `archive_works`
  MODIFY `id` int(11) NOT NULL AUTO_INCREMENT, AUTO_INCREMENT=174;

--
-- 使用資料表自動增長(AUTO_INCREMENT) `archive_work_periods`
--
ALTER TABLE `archive_work_periods`
  MODIFY `id` int(11) NOT NULL AUTO_INCREMENT, AUTO_INCREMENT=3;

--
-- 使用資料表自動增長(AUTO_INCREMENT) `archive_work_types`
--
ALTER TABLE `archive_work_types`
  MODIFY `id` int(11) NOT NULL AUTO_INCREMENT, AUTO_INCREMENT=11;

--
-- 使用資料表自動增長(AUTO_INCREMENT) `archive_work_units`
--
ALTER TABLE `archive_work_units`
  MODIFY `id` int(11) NOT NULL AUTO_INCREMENT, AUTO_INCREMENT=3;
COMMIT;

/*!40101 SET CHARACTER_SET_CLIENT=@OLD_CHARACTER_SET_CLIENT */;
/*!40101 SET CHARACTER_SET_RESULTS=@OLD_CHARACTER_SET_RESULTS */;
/*!40101 SET COLLATION_CONNECTION=@OLD_COLLATION_CONNECTION */;
